,i,j,w
0,1,0,694.496796399355
1,2,0,75.0707646012306
2,2,1,1.64916145801544
3,3,0,171.761807173491
4,3,1,6.40098661184311
5,3,2,35.7294345498085
6,4,0,143.993242830038
7,4,1,463.682218402624
8,4,3,5.22111216187477
9,5,0,4.6111433506012
10,5,1,24.1503936946392
11,5,4,1002.71125745773
12,6,0,528.632320851088
13,6,1,281.619183182716
14,6,2,166.998791992664
15,6,3,417.248241841793
16,6,4,1042.42991328239
17,6,5,536.990926504135
18,7,0,17.2397684752941
19,7,1,37.9487589895725
20,7,2,11.2179421186447
21,7,3,456.664035826921
22,7,4,282.91868391633
23,7,5,934.285645127296
24,7,6,3022.30165585876
25,8,0,1.99175009131432
26,8,4,9.63444858789444
27,8,5,386.497970610857
28,8,6,1655.56124359369
29,8,7,3339.14043357968
30,9,0,22.1667407751083
31,9,1,15.4511175453663
32,9,4,230.728109836578
33,9,5,2080.03702616692
34,9,6,736.781626075506
35,9,7,4679.92458769679
36,9,8,3615.39479190111
37,10,0,1.24020549654961
38,10,4,5.12360507249832
39,10,5,2.10949510335922
40,10,6,13.9723141789436
41,10,7,837.311112642288
42,10,8,27.1542184352875
43,10,9,1173.26417839527
44,11,0,3.8010288476944
45,11,1,0.94432657957077
46,11,2,4.9149763584137
47,11,3,531.593284457922
48,11,4,2.53498184680939
49,11,6,28.2623901665211
50,11,7,478.807664453983
51,11,10,10.2974260151386
52,12,1,0.517489612102509
53,12,3,5.36216285824776
54,12,4,0.714488625526428
55,12,5,18.5935207903385
56,12,6,25.1796260178089
57,12,7,1134.71422541142
58,12,8,2.66137167811394
59,12,9,14.4215433001518
60,12,10,20.1783589720726
61,12,11,450.229151070118
62,13,4,0.970339477062225
63,13,5,2.27663058042526
64,13,6,3.8742062151432
65,13,7,368.36326315999
66,13,8,19.04918384552
67,13,9,98.7971778512001
68,13,10,1489.15196767449
69,13,11,108.987473845482
70,13,12,303.818211942911
71,14,0,5.67887611687183
72,14,1,0.473431080579758
73,14,4,3.87377613782883
74,14,5,4.8470610678196
75,14,6,7.54218396544456
76,14,7,282.236530393362
77,14,8,0.95001220703125
78,14,9,12.4078879356384
79,14,10,116.48529574275
80,14,11,126.199201971292
81,14,12,242.091211229563
82,14,13,357.143225759268
83,15,0,19.9278942346573
84,15,1,9.98972910642624
85,15,4,89.7666637301445
86,15,5,48.3243819773197
87,15,6,41.0951869487762
88,15,7,178.502723634243
89,15,8,59.4051846563816
90,15,9,4662.77678975463
91,15,10,913.622344255447
92,15,13,32.2250638604164
93,15,14,4.0626408457756
94,16,0,15.0153478682041
95,16,1,15.3322053849697
96,16,4,95.6112712323666
97,16,5,70.6493868231773
98,16,6,113.414497733116
99,16,7,231.185901612043
100,16,8,31.2333186268806
101,16,9,367.478221476078
102,16,10,50.7399341464043
103,16,12,2.72645509243011
104,16,13,0.38101252913475
105,16,14,14.6394056379795
106,16,15,1434.53187027574
107,17,0,14.8936751633883
108,17,1,4.20758718252182
109,17,2,1.45829355716705
110,17,3,0.784193247556686
111,17,4,6.68703746795654
112,17,5,21.6709680855274
113,17,6,38.5673707574606
114,17,7,327.663946062326
115,17,8,174.20132753253
116,17,9,1120.67002773285
117,17,10,463.770117998123
118,17,11,1.93805718421936
119,17,12,4.031808167696
120,17,13,26.1387069821358
121,17,14,322.833758920431
122,17,15,1963.44667491317
123,17,16,1068.11784005165
124,18,0,45.3117362558842
125,18,1,5.57277563214302
126,18,3,0.266074687242508
127,18,4,17.9691041558981
128,18,5,117.101216420531
129,18,6,236.953382104635
130,18,7,350.635132789612
131,18,8,341.012013524771
132,18,9,578.446699231863
133,18,10,14.7807405591011
134,18,12,5.63812470436096
135,18,13,3.8725962638855
136,18,14,243.168326944113
137,18,15,605.808768182993
138,18,16,1312.11009806395
139,18,17,6226.6471748203
140,19,0,5.06090953946114
141,19,1,1.7202724814415
142,19,3,1.23725140094757
143,19,4,2.14218091964722
144,19,5,15.0362145900726
145,19,6,13.6494566053152
146,19,7,764.218481391668
147,19,8,17.3469597101212
148,19,9,224.517487481236
149,19,10,1571.95927834511
150,19,11,58.8458153605461
151,19,12,153.499570578337
152,19,13,705.327807664871
153,19,14,2587.94010990858
154,19,15,140.676356732845
155,19,16,42.6580529212952
156,19,17,2770.68759217858
157,19,18,573.728730171919
158,20,0,4.02426958084106
159,20,1,0.913345754146576
160,20,6,1.74672544002533
161,20,7,17.9723046422005
162,20,8,1.99481070041656
163,20,9,26.230151116848
164,20,10,3.30215120315552
165,20,12,2.45231688022614
166,20,13,2.47288134694099
167,20,14,89.2754393815994
168,20,15,1.25471639633179
169,20,16,0.497415691614151
170,20,17,653.551932662725
171,20,18,123.06494987011
172,20,19,1416.46710282564
173,21,0,17.5760373026133
174,21,1,1.8003086745739
175,21,3,0.94689217209816
176,21,6,3.14761191606522
177,21,7,6.41737323999405
178,21,9,1.85320144891739
179,21,10,2.96918842196465
180,21,12,4.11858490109444
181,21,13,1.84024524688721
182,21,14,36.780851662159
183,21,15,0.830979019403458
184,21,16,2.34194979071617
185,21,17,519.327673822641
186,21,18,31.0484966337681
187,21,19,646.972028851509
188,21,20,1997.4490351975
189,22,0,31.3807789683342
190,22,1,5.69831296801567
191,22,3,0.350461393594742
192,22,4,2.02700683474541
193,22,5,1.40662521123886
194,22,6,9.83607685565948
195,22,7,12.1232463419437
196,22,8,12.1656240820885
197,22,9,4.76031893491745
198,22,11,1.09461426734924
199,22,14,34.2979177832603
200,22,15,10.9648342132568
201,22,16,5.02043855190277
202,22,17,1093.95559743047
203,22,18,839.200618326664
204,22,19,172.916352570057
205,22,20,421.429205089808
206,22,21,1308.33288577199
207,23,0,36.4030930995941
208,23,1,1.99642831087112
209,23,3,2.87945431470871
210,23,4,1.82702401280403
211,23,6,3.05271592736244
212,23,7,4.96059548854828
213,23,8,2.82598659396172
214,23,9,2.28056633472443
215,23,12,1.46334362030029
216,23,14,272.50312641263
217,23,15,4.33469188213348
218,23,16,2.88611209392548
219,23,17,396.908944398165
220,23,18,123.38788099587
221,23,19,671.129798144102
222,23,20,289.155367642641
223,23,21,2232.2546775341
224,23,22,383.19575843215
225,24,0,50.7463246583939
226,24,1,1.61550512909889
227,24,3,1.43001282215118
228,24,4,1.15865612030029
229,24,6,5.40425997972488
230,24,7,7.99517351388931
231,24,8,11.9819968938828
232,24,9,10.3075377047062
233,24,14,33.2387591600418
234,24,15,16.5379753410816
235,24,16,6.19533401727676
236,24,17,330.510796904564
237,24,18,520.999287083745
238,24,19,74.3793529272079
239,24,20,59.2323423027992
240,24,21,242.71726885438
241,24,22,3626.90634056926
242,24,23,2272.71410632133
243,25,0,1.91270777583122
244,25,1,0.670527994632721
245,25,7,12.9458994567394
246,25,10,3.56107810139656
247,25,11,4.8817318379879
248,25,12,11.8753518760204
249,25,13,7.56456333398819
250,25,14,263.726799786091
251,25,15,3.61478960514069
252,25,17,25.7432044446468
253,25,18,24.9243586063385
254,25,19,102.261913925409
255,25,20,18.2802145183086
256,25,21,31.4606321752071
257,25,22,30.0245579481125
258,25,23,1007.19545245171
259,25,24,588.314783096313
260,26,0,0.739953249692917
261,26,3,0.390616834163666
262,26,5,0.402868390083313
263,26,7,9.69349005818367
264,26,11,1.93533545732498
265,26,12,4.11035680770874
266,26,13,2.4085488319397
267,26,14,40.414440959692
268,26,16,0.324507147073746
269,26,17,7.3115012049675
270,26,18,10.039426997304
271,26,19,37.5208516716957
272,26,20,4.51355287432671
273,26,21,3.15515646338463
274,26,22,4.6738149523735
275,26,23,26.6566453576088
276,26,24,274.59535741806
277,26,25,238.466613411903
278,27,0,168.132184535265
279,27,1,4.14588958024979
280,27,2,5.4046214222908
281,27,3,26.6503909528255
282,27,4,0.714814603328705
283,27,6,8.17944228649139
284,27,7,0.456889808177948
285,27,9,0.847847402095795
286,27,11,0.55803906917572
287,27,12,0.418817907571793
288,27,14,1.81648349761963
289,27,15,0.865232646465302
290,27,16,1.40652868151665
291,27,17,5.30344012379646
292,27,18,15.1901679635048
293,27,19,3.41247215867043
294,27,20,1.41254419088364
295,27,21,6.02669009566307
296,27,22,13.2793145775795
297,27,23,8.01483118534088
298,27,24,148.931040465832
299,27,25,24.7365220189095
300,27,26,19.3889094889164
301,28,0,92.0936059951782
302,28,1,3.35610169172287
303,28,2,0.610596716403961
304,28,3,6.83486491441727
305,28,4,2.17291489243507
306,28,5,42.4421576857567
307,28,6,42.5385278314352
308,28,7,58.1607003808022
309,28,8,48.4729112684727
310,28,9,55.0927648842335
311,28,10,4.1831322312355
312,28,14,31.0832028388977
313,28,15,66.558166205883
314,28,16,59.173015922308
315,28,17,227.446181386709
316,28,18,2481.28279876709
317,28,19,64.5362903475761
318,28,20,39.4000880122185
319,28,21,101.399864196777
320,28,22,1223.33241784573
321,28,23,237.465051829815
322,28,24,2612.64559689164
323,28,25,74.9010387957096
324,28,26,43.0298671424389
325,28,27,360.312466770411
326,29,0,208.664873167872
327,29,1,13.1094664037228
328,29,3,12.2073486745358
329,29,4,9.12180858850479
330,29,5,25.2030109763145
331,29,6,73.7973300069571
332,29,7,62.7252547293901
333,29,8,32.0378621518612
334,29,9,34.6635538041592
335,29,10,1.27559971809387
336,29,11,0.472855806350708
337,29,12,1.40768191218376
338,29,14,51.899822100997
339,29,15,30.6596638560295
340,29,16,107.363836824894
341,29,17,154.605329826474
342,29,18,2743.61162206531
343,29,19,45.1409636437893
344,29,20,15.3652947545052
345,29,21,51.2364532202482
346,29,22,278.940777868032
347,29,23,154.175700441003
348,29,24,212.36929102242
349,29,25,16.5411945581436
350,29,26,2.75953930616379
351,29,27,158.78347492218
352,29,28,1837.07673451304
353,30,0,8.04844215512276
354,30,4,0.970619440078735
355,30,5,13.4213063716888
356,30,6,20.9870033860207
357,30,7,30.634279191494
358,30,8,6.26711946725845
359,30,9,6.23759865760803
360,30,12,1.18340516090393
361,30,14,46.5296258926392
362,30,15,7.19066834449768
363,30,16,127.080646365881
364,30,17,71.1040075421333
365,30,18,1182.99752515554
366,30,19,30.8529768288136
367,30,20,4.47169148921967
368,30,21,6.2675361931324
369,30,22,19.2535953819752
370,30,23,3.11060750484467
371,30,24,10.4414676129818
372,30,25,3.04192069172859
373,30,26,1.93233424425125
374,30,27,5.72216957807541
375,30,28,143.617958039045
376,30,29,1149.4003739953
377,31,0,555.390874803066
378,31,1,16.9103886783123
379,31,2,7.34206718206406
380,31,3,42.8124580383301
381,31,4,23.9580216854811
382,31,5,14.9299892783165
383,31,6,48.1140536665916
384,31,7,60.0016081035137
385,31,8,10.121791601181
386,31,9,24.7346248924732
387,31,10,9.2924310863018
388,31,11,3.10906589031219
389,31,12,2.95990791916847
390,31,13,1.64290514588356
391,31,14,92.0281563997269
392,31,15,23.757055670023
393,31,16,1036.64000499249
394,31,17,388.753062263131
395,31,18,526.502163738012
396,31,19,122.730607897043
397,31,20,21.7984410822392
398,31,21,62.5502741783857
399,31,22,133.671948596835
400,31,23,73.0018140673637
401,31,24,81.354630485177
402,31,25,9.00044021010399
403,31,26,3.60967250168324
404,31,27,180.067358613014
405,31,28,126.95517025888
406,31,29,1279.88768020272
407,31,30,912.399182498455
408,32,0,1.76662984490395
409,32,3,0.443278074264526
410,32,4,0.832435101270676
411,32,5,0.932718396186829
412,32,6,2.10544580221176
413,32,7,1.01101195812225
414,32,9,2.59237360954285
415,32,15,19.1275054216385
416,32,16,261.413140386343
417,32,17,15.1653539538383
418,32,18,2.90205550193787
419,32,19,1.5330439209938
420,32,22,0.818933367729187
421,32,24,0.496391475200653
422,32,30,1.2801433801651
423,32,31,1059.09308716655
424,33,0,1080.93267388642
425,33,1,101.977116525173
426,33,2,0.862606942653656
427,33,3,40.5258211791515
428,33,4,694.865807592869
429,33,5,667.551233649254
430,33,6,50.1914831250906
431,33,7,82.9368973076344
432,33,8,6.21593391895294
433,33,9,326.178411334753
434,33,11,0.826824367046356
435,33,12,1.00218573212624
436,33,14,11.0092036724091
437,33,15,537.084716171026
438,33,16,955.936173260212
439,33,17,133.951257124543
440,33,18,76.7807376682758
441,33,19,22.5538643151522
442,33,20,2.87228924036026
443,33,21,5.20561176538467
444,33,22,16.5078157186508
445,33,23,9.938581854105
446,33,24,9.15991489589214
447,33,25,0.336300015449524
448,33,26,0.310134291648865
449,33,27,93.494558930397
450,33,28,12.8097487688065
451,33,29,51.7406166642904
452,33,30,21.6701595783234
453,33,31,1147.59116411209
454,33,32,122.965167582035
455,34,0,76.413556188345
456,34,1,150.735756874084
457,34,2,3.42375019192696
458,34,3,11.970044195652
459,34,4,507.590979903936
460,34,5,136.220568448305
461,34,6,728.217024356127
462,34,7,2295.82401365042
463,34,8,210.866289705038
464,34,9,1918.40082085133
465,34,10,566.774074554443
466,34,11,6.19010788202286
467,34,12,34.5293461382389
468,34,13,32.3505545854568
469,34,14,52.1912371814251
470,34,15,1451.8629039228
471,34,16,398.188100188971
472,34,17,1012.51786786318
473,34,18,365.780322223902
474,34,19,264.190511375666
475,34,20,15.1566962301731
476,34,21,43.7524691224098
477,34,22,83.4408100545406
478,34,23,81.0311756134033
479,34,24,71.5064878165722
480,34,25,51.4645836651325
481,34,26,8.65208655595779
482,34,27,16.0365118384361
483,34,28,61.3402343988419
484,34,29,113.396350055933
485,34,30,42.7242783904076
486,34,31,145.456178426743
487,34,32,6.29336583614349
488,34,33,24.0751399546862
489,35,0,260.777977824211
490,35,1,365.527647465467
491,35,2,68.5284491479397
492,35,3,178.571768909693
493,35,4,599.411428958178
494,35,5,431.161383390427
495,35,6,2703.0904379189
496,35,7,1991.38482218981
497,35,8,789.119086354971
498,35,9,2034.13067370653
499,35,10,385.968087255955
500,35,11,96.0672781467438
501,35,12,57.2911057472229
502,35,13,12.6236401498318
503,35,14,2.9577369093895
504,35,15,760.31260997057
505,35,16,203.09905937314
506,35,17,148.496639847755
507,35,18,163.561820119619
508,35,19,59.2290121912956
509,35,20,1.04847061634064
510,35,21,0.457468926906586
511,35,22,9.50273466110229
512,35,23,2.91615927219391
513,35,24,5.86163794994354
514,35,25,0.835422992706299
515,35,26,3.9626652598381
516,35,27,4.59490239620209
517,35,28,19.488085269928
518,35,29,23.0884495973587
519,35,30,18.3709815740585
520,35,31,36.0606627762318
521,35,32,1.28164887428284
522,35,33,23.0956969857216
523,35,34,2900.90451037884
524,36,0,1324.73662126064
525,36,1,485.491855025291
526,36,2,35.4366421401501
527,36,3,343.815967082977
528,36,4,1021.77602317929
529,36,5,347.029572963715
530,36,6,816.840576261282
531,36,7,896.474637657404
532,36,8,85.4253738224506
533,36,9,1178.9226346314
534,36,10,65.6454491019249
535,36,11,35.1048454344273
536,36,12,8.28661355376244
537,36,13,6.62811025977135
538,36,14,32.7604580819607
539,36,15,1228.16898995638
540,36,16,1118.5322855711
541,36,17,600.603795051575
542,36,18,368.369757205248
543,36,19,68.4878575056791
544,36,20,9.17859017848969
545,36,21,33.2792976945639
546,36,22,96.043919891119
547,36,23,41.4459895193577
548,36,24,86.9801391363144
549,36,25,8.91914689540863
550,36,26,12.9431470036507
551,36,27,244.775230437517
552,36,28,178.275199845433
553,36,29,224.361973911524
554,36,30,82.3839772939682
555,36,31,847.640140801668
556,36,32,53.7784071266651
557,36,33,1019.61866505444
558,36,34,348.416430920362
559,36,35,633.192428946495
560,37,0,20.1947258412838
561,37,1,30.7784111201763
562,37,2,1.92497223615646
563,37,3,0.456097900867462
564,37,4,124.328498095274
565,37,5,38.788807362318
566,37,6,70.9306777119637
567,37,7,315.289483934641
568,37,8,38.6812261939049
569,37,9,649.218906790018
570,37,10,85.5081007480621
571,37,12,5.84458512067795
572,37,13,5.38758653402328
573,37,14,5.30177918076515
574,37,15,398.325438320637
575,37,16,153.137214154005
576,37,17,151.611881166697
577,37,18,107.279194891453
578,37,19,17.9252788722515
579,37,20,2.61452174186707
580,37,21,2.96441659331322
581,37,22,9.84054002165794
582,37,23,3.64776450395584
583,37,24,4.53982135653496
584,37,25,1.93555849790573
585,37,26,0.470982283353806
586,37,27,3.25262433290482
587,37,28,21.6181709766388
588,37,29,23.0645516812801
589,37,30,12.0850489735603
590,37,31,62.6838856637478
591,37,32,1.82385218143463
592,37,33,7.55758553743362
593,37,34,209.687936007977
594,37,35,146.945844292641
595,37,36,806.36184951663
596,38,0,64.5525250136852
597,38,1,1.37433707714081
598,38,2,17.9602349996567
599,38,3,326.439569801092
600,38,5,3.493044257164
601,38,6,38.220725029707
602,38,7,65.2899032235146
603,38,8,3.41738474369049
604,38,9,4.73282378911972
605,38,10,5.04798913002014
606,38,11,487.290754288435
607,38,12,58.1590945422649
608,38,13,4.46010705828667
609,38,14,4.76729699969292
610,38,15,5.86883461475372
611,38,16,3.90450042486191
612,38,17,7.29369845986366
613,38,18,5.93213212490082
614,38,19,8.30970144271851
615,38,21,2.08895164728165
616,38,22,4.84816977381706
617,38,23,2.49163839221001
618,38,24,27.8621752262115
619,38,25,5.85830104351044
620,38,26,9.88914707303047
621,38,27,78.6230489015579
622,38,28,44.581502020359
623,38,29,41.8853265047073
624,38,31,43.8697628676891
625,38,33,58.2652797102928
626,38,34,575.441560298204
627,38,35,101.866631507874
628,38,36,854.189280062914
629,38,37,37.6613441705704
630,39,0,90.2516637593508
631,39,1,8.13058745861053
632,39,2,1.08120667934418
633,39,3,6.0864263176918
634,39,4,5.04725235700607
635,39,5,4.87699353694916
636,39,6,13.951601177454
637,39,7,176.565928757191
638,39,8,7.6792354285717
639,39,9,83.8300716876984
640,39,10,32.7134373486042
641,39,11,46.9935848414898
642,39,12,72.8236342072487
643,39,13,55.1864878535271
644,39,14,612.04324233532
645,39,15,84.3375273346901
646,39,16,34.992834508419
647,39,17,319.534519761801
648,39,18,307.998329877853
649,39,19,403.698534488678
650,39,20,68.0389148294926
651,39,21,192.851760327816
652,39,22,302.506837248802
653,39,23,738.212436944246
654,39,24,820.588300973177
655,39,25,750.311959534883
656,39,26,454.166593536735
657,39,27,73.88448792696
658,39,28,878.420684248209
659,39,29,366.142432361841
660,39,30,27.0604320764542
661,39,31,201.365401446819
662,39,33,19.2072952389717
663,39,34,2406.25597941875
664,39,35,50.7843200862408
665,39,36,266.030374467373
666,39,37,63.122089266777
667,39,38,80.1798035502434
668,40,0,118.710359245539
669,40,1,1.11496633291245
670,40,2,4.07795250415802
671,40,3,43.9130062162876
672,40,4,3.45014068484306
673,40,6,5.96871522068977
674,40,7,28.6261523962021
675,40,8,2.31373557448387
676,40,9,36.7618933320045
677,40,10,2.11563813686371
678,40,11,2.51309466362
679,40,12,0.588424682617188
680,40,13,0.421735674142838
681,40,14,12.8200007975101
682,40,15,17.5287861824036
683,40,16,11.4371236562729
684,40,17,28.4426172375679
685,40,18,34.64561393857
686,40,19,8.87233078479767
687,40,20,0.410398036241531
688,40,21,9.49739411473274
689,40,22,23.6539150178432
690,40,23,22.598314166069
691,40,24,374.567830830812
692,40,25,50.0426670610905
693,40,26,350.015039920807
694,40,27,485.677664250135
695,40,28,74.6197063028812
696,40,29,63.431142270565
697,40,30,1.48733511567116
698,40,31,97.9692578613758
699,40,32,0.929981887340546
700,40,33,156.051950156689
701,40,34,197.912555813789
702,40,35,86.5552748441696
703,40,36,352.80481004715
704,40,37,68.1907960772514
705,40,38,659.854359507561
706,40,39,1131.43655705452
707,41,0,1.07517123222351
708,41,2,2.35291296243668
709,41,3,29.9741376042366
710,41,6,14.52268871665
711,41,7,24.0697136819363
712,41,10,0.896799325942993
713,41,11,23.1365050673485
714,41,12,1.48041293025017
715,41,14,3.06232929229736
716,41,17,2.44222521781921
717,41,18,1.46155363321304
718,41,19,4.18647742271423
719,41,30,0.84805828332901
720,41,34,0.659563601016998
721,41,35,6.3022788465023
722,41,36,2.17890185117722
723,41,38,2.37100636959076
724,41,39,1.38748294115067
725,42,3,1.52674961090088
726,42,6,10.4308589696884
727,42,7,5.99480450153351
728,42,11,5.06514829397202
729,42,12,1.24822026491165
730,42,14,1.22049963474274
731,42,17,0.844158887863159
732,42,18,0.770523220300674
733,42,19,1.21354719996452
734,42,20,0.45639631152153
735,42,34,1.97451865673065
736,42,35,4.95092803239822
737,42,41,965.341631352901
738,43,0,2.12143760919571
739,43,2,7.0580045580864
740,43,3,37.5784361064434
741,43,6,32.7202177643776
742,43,7,28.6862233281136
743,43,11,32.1064390838146
744,43,12,2.07769525051117
745,43,14,0.394798874855042
746,43,17,0.302278518676758
747,43,18,0.506456136703491
748,43,27,1.13589215278625
749,43,35,7.31868541240692
750,43,36,0.966271162033081
751,43,38,2.39665597677231
752,43,41,31.421485632658
753,44,0,14.7634039819241
754,44,1,7.43436276912689
755,44,2,18.9014722704887
756,44,3,337.663157641888
757,44,4,3.38277152180672
758,44,6,100.87065461278
759,44,7,130.479498654604
760,44,9,0.908559858798981
761,44,11,162.061148226261
762,44,12,28.3418951928616
763,44,13,8.18147927522659
764,44,14,3.76478812098503
765,44,17,1.06699067354202
766,44,19,3.14595773816109
767,44,26,0.2776238322258
768,44,34,4.70815551280975
769,44,35,47.526660233736
770,44,36,6.66280728578568
771,44,38,38.1332578659058
772,44,39,4.54461848735809
773,44,41,358.358494460583
774,44,42,4.02911359071732
775,44,43,121.425828486681
776,45,1,2.39038121700287
777,45,3,4.54748031497002
778,45,4,4.11121696233749
779,45,5,4.241709202528
780,45,6,40.80013230443
781,45,7,94.4806426465511
782,45,8,7.07550638914108
783,45,9,4.4920229613781
784,45,10,1.98369300365448
785,45,11,33.2416236698627
786,45,12,25.5391703546047
787,45,13,0.687517106533051
788,45,14,1.17328116297722
789,45,15,0.750290036201477
790,45,16,1.78525942564011
791,45,17,3.02696350216866
792,45,18,3.36318823695183
793,45,19,3.88145878911018
794,45,31,1.79263338446617
795,45,34,12.4734681844711
796,45,35,12.1574730575085
797,45,36,6.68743366003036
798,45,37,0.64232325553894
799,45,38,0.937104880809784
800,45,41,825.226937055588
801,45,42,840.863787263632
802,45,43,0.403924107551575
803,45,44,2.14841344952583
804,46,4,3.40909740328789
805,46,5,12.4899265766144
806,46,6,40.5633881688118
807,46,7,160.845119684935
808,46,8,34.0740225315094
809,46,9,12.0272044241428
810,46,10,3.40194737911224
811,46,11,3.96600961685181
812,46,12,23.3377436697483
813,46,13,5.14380198717117
814,46,14,0.486735105514526
815,46,15,0.507947087287903
816,46,16,2.86437076330185
817,46,17,5.13566328585148
818,46,18,7.47212082147598
819,46,19,4.0696080327034
820,46,30,0.465099275112152
821,46,31,0.380363434553146
822,46,33,1.11543223261833
823,46,34,36.8843306899071
824,46,35,23.6923994123936
825,46,36,11.4206993877888
826,46,37,4.43000063300133
827,46,41,47.6811194419861
828,46,42,22.2750138640404
829,46,43,0.364491552114487
830,46,44,3.25173351168633
831,46,45,1255.56517440081
832,47,0,7.94748920202255
833,47,1,23.3899437487125
834,47,2,11.7387891709805
835,47,3,117.785683453083
836,47,4,53.9870688617229
837,47,5,29.4119828045368
838,47,6,571.064942210913
839,47,7,879.49374692142
840,47,8,32.140014141798
841,47,9,19.8331743478775
842,47,10,6.77362975478172
843,47,11,333.151190280914
844,47,12,102.257404774427
845,47,13,0.874108403921127
846,47,14,1.28855758905411
847,47,15,7.63029104471207
848,47,16,14.3578237593174
849,47,17,2.26954355835915
850,47,18,8.29893252253532
851,47,19,7.57542084157467
852,47,28,2.59891551733017
853,47,29,0.372622698545456
854,47,30,1.97235757112503
855,47,31,1.32891854643822
856,47,32,0.690830528736115
857,47,33,0.837248653173447
858,47,34,138.529683232307
859,47,35,197.505014210939
860,47,36,51.1834093630314
861,47,37,15.6945006251335
862,47,38,8.65283703804016
863,47,39,0.57995742559433
864,47,40,0.452091038227081
865,47,41,669.049799561501
866,47,42,159.365110307932
867,47,43,56.1868908405304
868,47,44,130.592259913683
869,47,45,1030.19035102427
870,47,46,1330.48447662592
871,48,0,13.7233644425869
872,48,1,38.814018368721
873,48,2,18.5178010463715
874,48,3,164.389414250851
875,48,4,92.0941468179226
876,48,5,196.564002335072
877,48,6,917.823843479156
878,48,7,3868.40620464087
879,48,8,549.137790292501
880,48,9,351.325920820236
881,48,10,248.01001060009
882,48,11,487.809765428305
883,48,12,629.032151460648
884,48,13,181.568697631359
885,48,14,13.6214583516121
886,48,15,31.6307371258736
887,48,16,63.2127170562744
888,48,17,33.6755669414997
889,48,18,94.071067482233
890,48,19,62.0465081632137
891,48,20,1.28075325489044
892,48,21,1.20042943954468
893,48,22,1.34176915884018
894,48,23,3.28394961357117
895,48,24,2.59798699617386
896,48,25,0.768417298793793
897,48,28,12.389309078455
898,48,29,13.7997024953365
899,48,30,11.5594364404678
900,48,31,18.7917489856482
901,48,32,0.79013466835022
902,48,33,17.1092241704464
903,48,34,545.74120670557
904,48,35,359.949825882912
905,48,36,158.123021900654
906,48,37,42.7719417512417
907,48,38,11.3839795291424
908,48,39,5.30803415179253
909,48,40,1.96004956960678
910,48,41,22.3139757514
911,48,42,27.5244297385216
912,48,43,79.9639095366001
913,48,44,756.140633076429
914,48,45,601.35650549829
915,48,46,1603.98228177428
916,48,47,2707.75285473466
917,49,4,3.54416653513908
918,49,5,74.9675883054733
919,49,6,85.2235125005245
920,49,7,510.84178096056
921,49,8,111.15681836009
922,49,9,54.3314743340015
923,49,10,10.987195879221
924,49,11,3.06433275341988
925,49,12,34.0751866102219
926,49,13,10.1276313364506
927,49,14,3.13582444190979
928,49,15,1.83133465051651
929,49,16,11.8167597055435
930,49,17,15.0963980555534
931,49,18,9.49248221516609
932,49,19,23.2431983053684
933,49,28,4.0334500670433
934,49,29,2.54307326674461
935,49,30,4.46256959438324
936,49,31,3.57113188505173
937,49,33,2.83287903666496
938,49,34,76.146192073822
939,49,35,50.0219938755035
940,49,36,28.0428566038609
941,49,37,5.28284153342247
942,49,39,2.26618567109108
943,49,41,0.386489778757095
944,49,42,1.78140342235565
945,49,44,1.07230204343796
946,49,45,86.883272588253
947,49,46,2253.51060521603
948,49,47,2420.71066233516
949,49,48,4041.30725163221
950,50,0,0.613319039344788
951,50,4,2.20352816581726
952,50,5,7.23122653365135
953,50,6,11.3512631952763
954,50,7,534.006180465221
955,50,8,157.392556279898
956,50,9,610.95710337162
957,50,10,755.688729584217
958,50,11,0.518441200256348
959,50,12,3.16020864248276
960,50,13,68.0437504649162
961,50,14,2.98117965459824
962,50,15,128.189756006002
963,50,16,20.6297264099121
964,50,17,48.1808338463306
965,50,18,36.4907459914684
966,50,19,32.9048045277596
967,50,20,0.959391474723816
968,50,22,0.925361424684525
969,50,23,1.59113347530365
970,50,24,0.688039183616638
971,50,28,10.6910738050938
972,50,29,5.02297648787498
973,50,30,5.49899023771286
974,50,31,3.70399206876755
975,50,33,0.334960043430328
976,50,34,153.256664007902
977,50,35,100.595949351788
978,50,36,27.6310641467571
979,50,37,12.1214088499546
980,50,39,4.51327913999557
981,50,40,2.4014059305191
982,50,41,15.8550612926483
983,50,42,7.77806714177132
984,50,44,0.46500027179718
985,50,45,107.190491229296
986,50,46,1689.58000519872
987,50,47,222.161090195179
988,50,48,4135.80148327351
989,50,49,3213.30287858844
990,51,0,0.621598184108734
991,51,4,0.948743581771851
992,51,5,4.27403444051743
993,51,6,6.10530635714531
994,51,7,184.941387027502
995,51,8,35.3956617712975
996,51,9,567.601507902145
997,51,10,1372.61971026659
998,51,13,212.691886901855
999,51,14,8.27857580780983
1000,51,15,309.057549238205
1001,51,16,69.2236239910126
1002,51,17,118.537045419216
1003,51,18,30.1567876040936
1004,51,19,72.7951805591583
1005,51,21,1.90090811252594
1006,51,24,1.49592509865761
1007,51,28,7.1464104950428
1008,51,29,5.53172820806503
1009,51,30,4.92875590920448
1010,51,31,10.5134900808334
1011,51,32,1.25459861755371
1012,51,33,5.15815344452858
1013,51,34,119.028502076864
1014,51,35,62.1220331788063
1015,51,36,19.2742543816566
1016,51,37,11.54093298316
1017,51,39,6.36631065607071
1018,51,40,1.44945192337036
1019,51,44,1.34827744960785
1020,51,45,3.225701212883
1021,51,46,9.82877600193024
1022,51,47,1.47595465183258
1023,51,48,664.622188478708
1024,51,49,13.7141273617744
1025,51,50,937.395696312189
1026,52,0,2.31339290738106
1027,52,1,3.46079468727112
1028,52,2,4.17708921432495
1029,52,3,153.434435635805
1030,52,4,5.03461733460426
1031,52,5,1.49068164825439
1032,52,6,56.349495857954
1033,52,7,93.3429292738438
1034,52,11,297.376192867756
1035,52,12,42.9454464316368
1036,52,13,9.24539321660995
1037,52,14,4.62035316228867
1038,52,16,0.309603869915009
1039,52,19,4.70805498957634
1040,52,34,12.0002783536911
1041,52,35,15.0718648731709
1042,52,36,8.49451613426208
1043,52,37,1.17047208547592
1044,52,38,76.5180073678493
1045,52,39,1.02326449751854
1046,52,41,3.91396749019623
1047,52,42,3.22040641307831
1048,52,43,12.2565317451954
1049,52,44,517.34681943059
1050,52,45,17.9032801091671
1051,52,46,1.15825796127319
1052,52,47,63.4897862076759
1053,52,48,1171.38587000966
1054,52,51,1.58336439728737
1055,53,0,0.729877769947052
1056,53,2,1.96767389774323
1057,53,3,54.0044760704041
1058,53,4,3.21513134241104
1059,53,5,16.2752591371536
1060,53,6,24.591359436512
1061,53,7,173.411677479744
1062,53,8,8.25804829597473
1063,53,9,2.35748896002769
1064,53,10,1.69604361057281
1065,53,11,19.9321766793728
1066,53,12,256.465505033731
1067,53,13,4.49062168598175
1068,53,14,3.42557790875435
1069,53,15,1.81277251243591
1070,53,16,4.65660071372986
1071,53,17,0.2502800822258
1072,53,18,0.285227328538895
1073,53,19,4.92392838001251
1074,53,31,1.22055435180664
1075,53,34,16.1940581202507
1076,53,35,9.51800289750099
1077,53,36,6.88954144716263
1078,53,37,4.18964317440987
1079,53,38,23.9643812775612
1080,53,39,0.807929635047913
1081,53,41,0.492923855781555
1082,53,43,1.93393814563751
1083,53,44,65.6825843155384
1084,53,45,10.923855394125
1085,53,46,16.0009389817715
1086,53,47,41.8024001717567
1087,53,48,1536.06772294641
1088,53,49,9.77868708968163
1089,53,50,3.32595145702362
1090,53,51,12.7612287402153
1091,53,52,128.636252909899
1092,54,0,4.14674320816994
1093,54,3,27.9690870046616
1094,54,4,1.05643141269684
1095,54,5,4.50924837589264
1096,54,6,9.54415079951286
1097,54,7,108.344059854746
1098,54,8,11.4283927083015
1099,54,9,35.0687710642815
1100,54,10,158.035306990147
1101,54,11,6.02493858337402
1102,54,12,12.3123879432678
1103,54,13,116.082537472248
1104,54,14,1.51812705397606
1105,54,15,14.8904772996902
1106,54,16,4.51118749380112
1107,54,17,5.92288288474083
1108,54,18,2.1669557094574
1109,54,19,9.33468651771545
1110,54,28,0.37273046374321
1111,54,34,13.6846084296703
1112,54,35,11.6051271259785
1113,54,36,3.89405736327171
1114,54,37,1.27063608169556
1115,54,38,7.40278214216232
1116,54,41,0.472820252180099
1117,54,43,0.963946640491486
1118,54,44,44.9678161144257
1119,54,45,3.7655662894249
1120,54,46,10.8569393754005
1121,54,47,4.41982248425484
1122,54,48,1300.78890036047
1123,54,49,8.85046702623367
1124,54,50,79.9759244024754
1125,54,51,2192.41781941056
1126,54,52,59.4604117274284
1127,54,53,289.122660964727
1128,55,0,0.402498036623001
1129,55,2,4.52124273777008
1130,55,3,12.7300235033035
1131,55,4,1.04180991649628
1132,55,6,7.48590305447578
1133,55,7,21.1598920226097
1134,55,8,0.316331595182419
1135,55,9,3.96823704242706
1136,55,10,71.1892194151878
1137,55,11,4.90869989991188
1138,55,12,4.58122044801712
1139,55,13,17.0471571087837
1140,55,14,220.842815488577
1141,55,15,5.05970293283463
1142,55,16,8.44581007957458
1143,55,17,97.9235500693321
1144,55,18,47.5669228583574
1145,55,19,193.967549711466
1146,55,20,21.7986977696419
1147,55,21,27.1066306233406
1148,55,22,15.1346347332001
1149,55,23,24.9325556457043
1150,55,24,9.69495692849159
1151,55,25,3.69305092096329
1152,55,26,0.774207592010498
1153,55,28,7.98421117663383
1154,55,29,2.05242058634758
1155,55,30,5.78205904364586
1156,55,31,9.55934980511665
1157,55,33,0.868986219167709
1158,55,34,12.2955955266953
1159,55,35,2.8949579000473
1160,55,36,7.68170315027237
1161,55,37,0.478259593248367
1162,55,38,2.53399750590324
1163,55,39,37.0708300471306
1164,55,40,0.498374998569489
1165,55,41,2.17826774716377
1166,55,43,4.15951433777809
1167,55,44,22.9206913709641
1168,55,45,5.41847509145737
1169,55,46,15.5702371299267
1170,55,47,11.1023361682892
1171,55,48,649.475818037987
1172,55,49,5.63216906785965
1173,55,50,9.122200101614
1174,55,51,31.8258678913116
1175,55,52,34.1531071066856
1176,55,53,71.2047379165888
1177,55,54,301.766488969326
1178,56,5,2.28865432739258
1179,56,6,3.0414776802063
1180,56,7,17.6813949942589
1181,56,8,8.97795096039772
1182,56,9,85.0598105490208
1183,56,10,195.53668436408
1184,56,12,3.01476466655731
1185,56,13,7.59359142184258
1186,56,14,4.84173771739006
1187,56,15,89.8946620225906
1188,56,16,45.9142013192177
1189,56,17,73.0695345699787
1190,56,18,13.9562473893166
1191,56,19,48.2272660583258
1192,56,28,3.01930710673332
1193,56,29,4.97492748498917
1194,56,30,2.73314446210861
1195,56,31,14.0676557719707
1196,56,32,1.30237546563148
1197,56,33,1.55795779824257
1198,56,34,43.0153505504131
1199,56,35,20.1354787647724
1200,56,36,6.49707499146461
1201,56,37,5.67144298553467
1202,56,38,1.56637930870056
1203,56,39,1.5687050819397
1204,56,40,0.412926703691483
1205,56,41,10.3166845738888
1206,56,42,7.85487961769104
1207,56,44,1.07447302341461
1208,56,45,57.6199872791767
1209,56,46,206.650036066771
1210,56,47,17.5734293162823
1211,56,48,174.070018559694
1212,56,49,159.042540818453
1213,56,50,5342.13611415029
1214,56,51,948.795716285706
1215,56,52,0.955634653568268
1216,56,53,0.872450828552246
1217,56,54,26.4580200016499
1218,56,55,14.2438478171825
1219,57,0,0.418763726949692
1220,57,3,0.610171258449554
1221,57,4,1.49251937866211
1222,57,5,0.660566210746765
1223,57,7,18.0077845156193
1224,57,8,4.88725462555885
1225,57,9,22.6182748675346
1226,57,10,57.443573564291
1227,57,12,0.895724892616272
1228,57,13,0.985188841819763
1229,57,14,16.3075016140938
1230,57,15,51.5258074104786
1231,57,16,37.7850342988968
1232,57,17,140.5435333848
1233,57,18,57.2958884835243
1234,57,19,70.6108577996492
1235,57,20,0.578022956848145
1236,57,21,1.34525227546692
1237,57,23,1.70518857240677
1238,57,24,0.943142950534821
1239,57,28,5.01807743310928
1240,57,29,4.74302092194557
1241,57,30,10.0209146142006
1242,57,31,19.2967073023319
1243,57,33,3.10395789146423
1244,57,34,54.0766131281853
1245,57,35,12.1075712144375
1246,57,36,6.91366997361183
1247,57,37,1.80250516533852
1248,57,38,2.0735285282135
1249,57,39,7.08593580126762
1250,57,40,1.53263589739799
1251,57,41,11.6600055992603
1252,57,42,6.40776965022087
1253,57,45,93.8734975159168
1254,57,46,457.870335787535
1255,57,47,44.9194609820843
1256,57,48,168.481170922518
1257,57,49,117.280240207911
1258,57,50,689.246969312429
1259,57,51,44.4722117483616
1260,57,53,1.20892655849457
1261,57,54,2.62204363942146
1262,57,55,57.7071000635624
1263,57,56,2088.84179419279
1264,58,0,3.63722789287567
1265,58,1,1.09297552704811
1266,58,4,1.15200698375702
1267,58,5,2.0486241877079
1268,58,6,3.43871608376503
1269,58,7,38.2773935347795
1270,58,8,10.5356048047543
1271,58,9,39.2520001828671
1272,58,10,80.3797225654125
1273,58,12,1.53772160410881
1274,58,13,4.53589689731598
1275,58,14,152.214174121618
1276,58,15,42.7803825736046
1277,58,16,90.3199593871832
1278,58,17,662.53423447907
1279,58,18,418.54880310595
1280,58,19,582.868408516049
1281,58,20,32.4594078809023
1282,58,21,70.3409552872181
1283,58,22,73.7683934271336
1284,58,23,107.245751410723
1285,58,24,28.237508893013
1286,58,25,10.0635870397091
1287,58,26,3.30316206812859
1288,58,27,0.653594702482224
1289,58,28,57.1948023736477
1290,58,29,47.2148074656725
1291,58,30,34.5582837760448
1292,58,31,91.5955306738615
1293,58,32,4.01187458634377
1294,58,33,7.91930010914803
1295,58,34,77.2282934486866
1296,58,35,14.8155335187912
1297,58,36,36.5125999897718
1298,58,37,6.10282012820244
1299,58,38,6.01529690623283
1300,58,39,92.9885770082474
1301,58,40,4.45782932639122
1302,58,41,7.43854999542236
1303,58,42,3.00494900345802
1304,58,43,0.304355710744858
1305,58,44,0.790647447109222
1306,58,45,14.0352757275105
1307,58,46,53.5127549767494
1308,58,47,42.3341065198183
1309,58,48,406.829637825489
1310,58,49,99.0965620875359
1311,58,50,939.012632519007
1312,58,51,257.616010069847
1313,58,52,1.83993589878082
1314,58,53,2.31345309317112
1315,58,54,32.1675350666046
1316,58,55,415.018369182944
1317,58,56,1171.45841908455
1318,58,57,2444.30515789986
1319,59,0,1.10183700919151
1320,59,1,0.31607660651207
1321,59,6,1.00827285647392
1322,59,7,21.8135176301003
1323,59,8,3.65726149082184
1324,59,9,5.88104888796806
1325,59,10,7.32772615551949
1326,59,11,0.44911777973175
1327,59,14,19.3480937182903
1328,59,15,3.00817084312439
1329,59,16,8.71130734682083
1330,59,17,83.0234995782375
1331,59,18,78.5894413292408
1332,59,19,52.2692578732967
1333,59,20,0.844823777675629
1334,59,21,3.10700422525406
1335,59,22,4.39293283224106
1336,59,23,7.14621764421463
1337,59,24,3.04243224859238
1338,59,26,0.386518090963364
1339,59,28,4.45032924413681
1340,59,29,5.84230419993401
1341,59,30,5.12102842330933
1342,59,31,5.76369696855545
1343,59,34,18.1302926242352
1344,59,35,3.18274253606796
1345,59,36,6.45238116383553
1346,59,37,2.95898073911667
1347,59,38,1.63816383481026
1348,59,39,8.51752334833145
1349,59,40,2.24816912412643
1350,59,41,17.5504786968231
1351,59,42,6.20962633192539
1352,59,43,0.960435450077057
1353,59,44,2.11401271820068
1354,59,45,27.9245212078094
1355,59,46,131.422248750925
1356,59,47,167.2647177279
1357,59,48,65.1077901721001
1358,59,49,305.519098907709
1359,59,50,495.063346028328
1360,59,51,4.06039708852768
1361,59,55,59.8625825792551
1362,59,56,585.127481341362
1363,59,57,1499.81233617663
1364,59,58,7058.87987160683
1365,60,0,5.44735413789749
1366,60,2,0.585104942321777
1367,60,3,15.5252600610256
1368,60,4,1.23269280791283
1369,60,5,2.66357758641243
1370,60,6,14.0406194031239
1371,60,7,94.1845132708549
1372,60,8,19.1149119138718
1373,60,9,49.724643856287
1374,60,10,163.175690412521
1375,60,11,1.78512069582939
1376,60,12,8.8966092467308
1377,60,13,19.877203553915
1378,60,14,341.597532063723
1379,60,15,52.9420683681965
1380,60,16,61.9773012697697
1381,60,17,639.618857726455
1382,60,18,320.494863823056
1383,60,19,587.823051020503
1384,60,20,44.3210178017616
1385,60,21,66.5582129955292
1386,60,22,43.7931392490864
1387,60,23,113.664271086454
1388,60,24,50.6609591841698
1389,60,25,6.12488797307014
1390,60,26,2.01435115933418
1391,60,27,2.5466416478157
1392,60,28,54.345136269927
1393,60,29,32.3895713686943
1394,60,30,35.5432072281837
1395,60,31,84.4466241598129
1396,60,32,0.338081926107407
1397,60,33,14.8452468514442
1398,60,34,85.4291099607944
1399,60,35,10.1548338234425
1400,60,36,43.6812187433243
1401,60,37,9.93239283561707
1402,60,38,1.86874079704285
1403,60,39,95.4830257892609
1404,60,40,5.13703936338425
1405,60,41,3.35272195935249
1406,60,42,1.72243535518646
1407,60,43,2.88348776102066
1408,60,44,42.0591939985752
1409,60,45,10.1237991452217
1410,60,46,46.4714458584785
1411,60,47,26.4355715215206
1412,60,48,1447.97711084783
1413,60,49,58.5373560488224
1414,60,50,169.236289173365
1415,60,51,611.985109552741
1416,60,52,55.5231981575489
1417,60,53,156.537705421448
1418,60,54,1165.51317711174
1419,60,55,2711.75057521462
1420,60,56,26.8351074755192
1421,60,57,114.443664491177
1422,60,58,2130.42523024976
1423,60,59,399.198662668467
1424,61,14,18.7057046890259
1425,61,17,38.2527367174625
1426,61,18,24.3674233257771
1427,61,19,62.338974416256
1428,61,20,12.0910993516445
1429,61,21,9.0865877866745
1430,61,22,9.81746757030487
1431,61,23,33.9961005151272
1432,61,24,4.34329563379288
1433,61,25,3.58499681949615
1434,61,28,7.41350141167641
1435,61,29,2.35221129655838
1436,61,30,0.358705818653107
1437,61,31,4.39268991351128
1438,61,33,1.06567001342773
1439,61,34,5.81144690513611
1440,61,38,2.51186972856522
1441,61,39,22.9909603893757
1442,61,41,0.22644816339016
1443,61,46,0.968335092067719
1444,61,47,0.497317492961884
1445,61,48,3.33118763566017
1446,61,55,85.8066686987877
1447,61,57,0.841694056987762
1448,61,58,969.036581620574
1449,61,59,3.9429235458374
1450,61,60,531.820156306028
1451,62,0,0.345338374376297
1452,62,7,3.1653094291687
1453,62,10,0.740463256835938
1454,62,14,21.1211003065109
1455,62,17,99.5705872178078
1456,62,18,92.4386634528637
1457,62,19,110.504778146744
1458,62,20,24.3446160852909
1459,62,21,20.0065605044365
1460,62,22,24.7827632427216
1461,62,23,52.5643248260021
1462,62,24,19.08712464571
1463,62,25,4.21298739314079
1464,62,26,1.20542812347412
1465,62,27,0.659766554832458
1466,62,28,15.0538923144341
1467,62,29,6.40413376688957
1468,62,30,3.64360558986664
1469,62,31,8.87321317195892
1470,62,33,2.94522133469582
1471,62,34,15.1045542359352
1472,62,36,6.63724941015244
1473,62,37,2.47288271784782
1474,62,38,2.42252826690674
1475,62,39,35.600998044014
1476,62,41,15.2235912978649
1477,62,42,4.21891468763351
1478,62,43,0.395431071519852
1479,62,44,2.02923101186752
1480,62,45,10.932956725359
1481,62,46,1.53412222862244
1482,62,47,9.52732905745506
1483,62,48,9.95953464508057
1484,62,49,2.84241929650307
1485,62,50,6.22654366493225
1486,62,55,88.464656740427
1487,62,56,3.46878102421761
1488,62,57,5.768669039011
1489,62,58,823.792447015643
1490,62,59,38.7830186039209
1491,62,60,136.744525909424
1492,62,61,2121.58512178063
1493,63,6,0.40364795923233
1494,63,7,0.405110687017441
1495,63,9,3.1792585849762
1496,63,10,1.84911954402924
1497,63,12,1.23337343335152
1498,63,14,18.3931588381529
1499,63,17,59.4457583427429
1500,63,18,36.0011536180973
1501,63,19,78.6303734183311
1502,63,20,13.5204890668392
1503,63,21,17.850056886673
1504,63,22,29.3739849925041
1505,63,23,37.1307832598686
1506,63,24,12.5314208269119
1507,63,25,0.467120826244354
1508,63,28,8.6169912815094
1509,63,29,8.57368734478951
1510,63,30,2.94019061326981
1511,63,31,5.80854231119156
1512,63,33,1.80929577350616
1513,63,34,8.05515813827515
1514,63,36,3.56942218542099
1515,63,39,22.2405447661877
1516,63,41,10.0667691379786
1517,63,42,6.7441793680191
1518,63,44,1.45551458001137
1519,63,45,12.497122079134
1520,63,46,2.49882853031158
1521,63,47,8.54690331220627
1522,63,48,7.56196381151676
1523,63,49,4.57087761163712
1524,63,50,2.55567449331284
1525,63,52,0.359750270843506
1526,63,55,53.4855660498142
1527,63,56,5.95315682888031
1528,63,57,11.1794875562191
1529,63,58,991.509293839335
1530,63,59,1529.23147763312
1531,63,60,94.5336146205664
1532,63,61,76.14192289114
1533,63,62,1260.78499352932
1534,64,0,0.582115441560745
1535,64,6,1.43926578760147
1536,64,7,2.53819423913956
1537,64,9,1.64092445373535
1538,64,13,0.53936094045639
1539,64,14,25.9579555094242
1540,64,15,1.05593955516815
1541,64,16,0.892894297838211
1542,64,17,110.715809509158
1543,64,18,79.6931068301201
1544,64,19,97.6455989181995
1545,64,20,6.3266294002533
1546,64,21,16.8534526824951
1547,64,22,20.7908719182014
1548,64,23,67.0352728068829
1549,64,24,8.95025727152824
1550,64,25,3.35680943727493
1551,64,26,0.519700646400452
1552,64,27,0.568323373794556
1553,64,28,9.97356948256493
1554,64,29,8.91465379297733
1555,64,30,7.30830216407776
1556,64,31,8.19673275947571
1557,64,33,0.430923044681549
1558,64,34,16.436503559351
1559,64,35,0.505470216274261
1560,64,36,8.14262759685516
1561,64,37,2.21107989549637
1562,64,38,0.360072076320648
1563,64,39,48.5885617136955
1564,64,40,1.81839075684547
1565,64,41,46.3980351090431
1566,64,42,18.7640330195427
1567,64,43,1.75432479381561
1568,64,44,2.73306521773338
1569,64,45,28.5956793427467
1570,64,46,1.78429007530212
1571,64,47,18.1172274500132
1572,64,48,24.3646858036518
1573,64,49,6.99727228283882
1574,64,50,6.77091944217682
1575,64,51,0.776978254318237
1576,64,52,0.660269945859909
1577,64,53,1.56294506788254
1578,64,54,1.01471900939941
1579,64,55,370.337676420808
1580,64,56,3.64351707696915
1581,64,57,9.05800464749336
1582,64,58,508.461984917521
1583,64,59,173.858616471291
1584,64,60,651.284542769194
1585,64,61,624.774567037821
1586,64,62,2717.7569026053
1587,64,63,290.818556815386
1588,65,3,0.288530051708221
1589,65,6,0.426806420087814
1590,65,7,1.26627200841904
1591,65,8,0.807237505912781
1592,65,9,1.57255733013153
1593,65,14,1.01646479964256
1594,65,15,0.814356029033661
1595,65,16,0.832649052143097
1596,65,17,4.96876662969589
1597,65,18,5.04381592571735
1598,65,19,3.42087915539742
1599,65,21,0.889979273080826
1600,65,22,1.87371289730072
1601,65,23,3.39247095584869
1602,65,25,0.617035567760468
1603,65,27,1.11617755889893
1604,65,28,2.82177931070328
1605,65,29,0.708429872989655
1606,65,30,0.319229125976562
1607,65,31,1.89603346586227
1608,65,34,5.33456140756607
1609,65,36,3.01518443226814
1610,65,37,4.23790487647057
1611,65,38,1.03725072741508
1612,65,39,4.62950891256332
1613,65,40,0.773406028747559
1614,65,41,46.4115625917912
1615,65,42,10.6841575503349
1616,65,43,1.26432812213898
1617,65,44,12.9752486050129
1618,65,45,12.9495801627636
1619,65,46,1.93030494451523
1620,65,47,21.5340109467506
1621,65,48,13.4536238014698
1622,65,49,3.14447201788425
1623,65,50,5.70823475718498
1624,65,52,1.9244501888752
1625,65,53,3.92910984158516
1626,65,54,1.3440146446228
1627,65,55,40.4349740892649
1628,65,56,6.32063794136047
1629,65,57,3.51773601770401
1630,65,58,37.5754833221436
1631,65,59,227.605773344636
1632,65,60,12.1542773842812
1633,65,61,4.3220961689949
1634,65,62,172.931428939104
1635,65,63,2592.95996011794
1636,65,64,1408.27851389349
1637,66,12,0.880783379077911
1638,66,14,2.17418032884598
1639,66,17,6.02664315700531
1640,66,18,2.24752646684647
1641,66,19,11.620079934597
1642,66,21,0.542893886566162
1643,66,22,6.99207812547684
1644,66,23,6.57289040088654
1645,66,25,1.55488991737366
1646,66,28,1.16651928424835
1647,66,31,0.411047756671906
1648,66,34,2.28696644306183
1649,66,37,1.66312730312347
1650,66,39,7.55759230256081
1651,66,41,2.23773267865181
1652,66,42,0.547021687030792
1653,66,44,0.758834540843964
1654,66,45,1.93389886617661
1655,66,47,0.961571037769318
1656,66,48,2.79855215549469
1657,66,52,1.1043998003006
1658,66,53,0.263736516237259
1659,66,54,1.19648507237434
1660,66,55,252.335590869188
1661,66,57,1.42464086413383
1662,66,58,18.9910553693771
1663,66,59,10.9355057775974
1664,66,60,57.9571086764336
1665,66,61,9.05244091153145
1666,66,62,52.7576213181019
1667,66,63,15.0780628025532
1668,66,64,646.239203691483
1669,66,65,973.899046584964
1670,67,7,0.58296674489975
1671,67,17,2.50797992944717
1672,67,18,1.84898573160172
1673,67,19,1.622428804636
1674,67,20,0.522002577781677
1675,67,21,1.3003808259964
1676,67,22,1.33022427558899
1677,67,26,0.719369530677795
1678,67,35,0.421199947595596
1679,67,36,1.37615984678268
1680,67,38,2.88915228843689
1681,67,39,3.43668416142464
1682,67,40,1.11392951011658
1683,67,41,3.78151050209999
1684,67,42,1.40237528085709
1685,67,44,2.42501080036163
1686,67,46,1.62562239170074
1687,67,47,2.42445728182793
1688,67,48,4.93979886174202
1689,67,53,0.815113723278046
1690,67,54,0.291300565004349
1691,67,55,65.8835275620222
1692,67,57,1.54632985591888
1693,67,58,7.89670449495316
1694,67,59,3.41754621267319
1695,67,60,33.720134884119
1696,67,61,2.359464854002
1697,67,62,1.91551750898361
1698,67,63,7.3004806637764
1699,67,64,23.5552016496658
1700,67,65,983.738266050816
1701,67,66,152.336753904819
1702,68,2,0.777977287769318
1703,68,6,0.93414980173111
1704,68,7,1.69971978664398
1705,68,11,0.632185935974121
1706,68,17,0.977062344551086
1707,68,18,1.46267139911652
1708,68,27,1.30738991498947
1709,68,28,1.09609472751617
1710,68,34,4.22663924098015
1711,68,35,1.02390480041504
1712,68,36,2.60271114110947
1713,68,37,4.74735456705093
1714,68,38,1.90614449977875
1715,68,40,0.420471161603928
1716,68,41,280.741741836071
1717,68,42,20.521814852953
1718,68,43,6.11156302690506
1719,68,44,49.0946291983128
1720,68,45,18.1833119392395
1721,68,46,0.268128931522369
1722,68,47,37.7438611984253
1723,68,48,6.87728706002235
1724,68,49,0.574189484119415
1725,68,50,1.41413450241089
1726,68,52,3.84607142210007
1727,68,53,2.74850502610207
1728,68,55,6.95283064246178
1729,68,57,1.57582411170006
1730,68,58,5.02410510182381
1731,68,59,9.15489050745964
1732,68,60,5.97090041637421
1733,68,61,0.85674175620079
1734,68,62,7.82577756047249
1735,68,63,6.77010028064251
1736,68,64,16.8822906762362
1737,68,65,272.435115098953
1738,68,66,15.9149888157845
1739,68,67,177.437885314226
1740,69,5,0.323713302612305
1741,69,7,2.21196940541267
1742,69,8,0.771028473973274
1743,69,9,0.723986834287643
1744,69,14,3.4491306245327
1745,69,15,0.342311054468155
1746,69,16,1.03441587090492
1747,69,17,8.92837589979172
1748,69,18,9.65347585082054
1749,69,19,5.11104360222816
1750,69,20,1.12710443139076
1751,69,21,1.59469783306122
1752,69,22,0.401549786329269
1753,69,23,0.885586351156235
1754,69,24,0.699819773435593
1755,69,28,2.99486035108566
1756,69,29,0.297399580478668
1757,69,30,0.413627505302429
1758,69,31,1.3213669359684
1759,69,34,1.41956761479378
1760,69,35,0.479291215538979
1761,69,37,1.97320559620857
1762,69,38,0.587347865104675
1763,69,39,0.427384674549103
1764,69,41,23.5629192888737
1765,69,42,5.14375722408295
1766,69,43,0.290706187486649
1767,69,44,4.86584410071373
1768,69,45,10.9697331786156
1769,69,46,34.6264808177948
1770,69,47,33.2233716845512
1771,69,48,15.940023034811
1772,69,49,38.1883046030998
1773,69,50,35.3125491440296
1774,69,52,0.442498385906219
1775,69,55,10.8304788768291
1776,69,56,43.3381853997707
1777,69,57,93.9114793539047
1778,69,58,146.151454985142
1779,69,59,1516.13530816138
1780,69,60,17.482119590044
1781,69,61,3.43864727020264
1782,69,62,269.621383696795
1783,69,63,1949.77662725747
1784,69,64,355.187568128109
1785,69,65,3371.60930402577
1786,69,66,42.2856234312057
1787,69,67,8.97767293453217
1788,69,68,298.155736327171
1789,70,0,1.57046830654144
1790,70,3,0.815349668264389
1791,70,5,1.23471820354462
1792,70,6,3.01341405510902
1793,70,7,7.87719509005547
1794,70,8,0.655187517404556
1795,70,9,4.15502873063087
1796,70,10,1.84963926672935
1797,70,11,0.90330383181572
1798,70,12,0.283711463212967
1799,70,14,10.6944009065628
1800,70,15,0.265767782926559
1801,70,16,3.1136549115181
1802,70,17,37.5132861733437
1803,70,18,31.702518850565
1804,70,19,22.8737921267748
1805,70,20,0.275397956371307
1806,70,21,0.320086538791656
1807,70,22,0.330589264631271
1808,70,23,1.50230371952057
1809,70,24,0.278867721557617
1810,70,27,1.090047955513
1811,70,28,1.78962330520153
1812,70,29,2.33336895704269
1813,70,30,3.92328831553459
1814,70,31,2.55295497179031
1815,70,34,7.03848341107368
1816,70,35,0.890995174646378
1817,70,36,5.56991684436798
1818,70,37,1.94262686371803
1819,70,38,1.28180775046349
1820,70,39,7.70610089600086
1821,70,40,1.26232436299324
1822,70,41,114.4613481462
1823,70,42,39.4893157184124
1824,70,43,4.27404695749283
1825,70,44,18.1547456979752
1826,70,45,62.1885504126549
1827,70,46,107.936117500067
1828,70,47,72.6327642500401
1829,70,48,54.8486457765102
1830,70,49,49.0819660127163
1831,70,50,80.9469968378544
1832,70,51,2.61974966526031
1833,70,52,2.45188418030739
1834,70,53,1.22823324799538
1835,70,54,0.701515674591064
1836,70,55,24.0953637510538
1837,70,56,50.6718149930239
1838,70,57,386.937899902463
1839,70,58,173.419592991471
1840,70,59,1818.27925676107
1841,70,60,58.1970596313477
1842,70,61,13.0626550614834
1843,70,62,284.502889156342
1844,70,63,842.079046860337
1845,70,64,343.301782369614
1846,70,65,170.172700658441
1847,70,66,19.4134744554758
1848,70,67,1.11990794539452
1849,70,68,61.6407149136066
1850,70,69,3696.73022997379
1851,71,5,0.666866958141327
1852,71,7,2.9015516936779
1853,71,14,1.22220921516418
1854,71,16,0.457500159740448
1855,71,17,4.78253057599068
1856,71,18,2.05388975143433
1857,71,19,4.68484336137772
1858,71,22,0.949030101299286
1859,71,28,1.36081689596176
1860,71,29,0.697952210903168
1861,71,30,0.902467280626297
1862,71,31,0.271454930305481
1863,71,35,1.7670521736145
1864,71,38,0.562940180301666
1865,71,41,3.21987950801849
1866,71,42,0.410656213760376
1867,71,45,11.3214778900146
1868,71,46,63.5438139736652
1869,71,47,12.898642718792
1870,71,48,16.3033102154732
1871,71,49,12.9303586781025
1872,71,50,39.8959552049637
1873,71,53,0.433748513460159
1874,71,55,13.1863710284233
1875,71,56,18.8633463084698
1876,71,57,428.758634120226
1877,71,58,61.7470391988754
1878,71,59,1503.49203911424
1879,71,60,11.9773043394089
1880,71,61,0.643119871616364
1881,71,62,25.3846094459295
1882,71,63,57.3780772387981
1883,71,64,3.4955475628376
1884,71,65,4.61762422323227
1885,71,66,0.395484745502472
1886,71,67,0.666298925876617
1887,71,68,2.37191051244736
1888,71,69,118.182818025351
1889,71,70,2334.2942686975
1890,72,0,0.59357351064682
1891,72,6,2.09901934862137
1892,72,7,13.8931844383478
1893,72,8,2.82125678658485
1894,72,9,2.21872097253799
1895,72,10,5.52004081010818
1896,72,11,0.625939011573792
1897,72,12,1.36235308647156
1898,72,14,20.5396509468555
1899,72,15,7.85876587033272
1900,72,16,10.1776761412621
1901,72,17,92.7577832043171
1902,72,18,54.0364929735661
1903,72,19,56.9635056108236
1904,72,20,3.49026980996132
1905,72,21,3.22992408275604
1906,72,22,2.70991775393486
1907,72,23,6.59253820776939
1908,72,24,2.70980003476143
1909,72,28,5.64572486281395
1910,72,29,6.07928529381752
1911,72,30,2.0504202246666
1912,72,31,16.8001188635826
1913,72,33,1.244948387146
1914,72,34,24.1031414866447
1915,72,35,3.06331884860992
1916,72,36,11.0009332001209
1917,72,37,5.74311047792435
1918,72,38,3.77389222383499
1919,72,39,8.27350789308548
1920,72,40,0.750071555376053
1921,72,41,341.932605117559
1922,72,42,76.2758277058601
1923,72,43,7.72377142310143
1924,72,44,46.8456148505211
1925,72,45,220.329623818398
1926,72,46,203.657157301903
1927,72,47,125.954668268561
1928,72,48,138.510002970695
1929,72,49,64.4762562513351
1930,72,50,59.2248004227877
1931,72,51,4.08224028348923
1932,72,52,4.87175941467285
1933,72,53,8.40994590520859
1934,72,54,0.350159198045731
1935,72,55,91.9141507595778
1936,72,56,60.5386047363281
1937,72,57,1838.01622752845
1938,72,58,345.490622594953
1939,72,59,596.441336810589
1940,72,60,172.251130819321
1941,72,61,11.3791868388653
1942,72,62,218.275461673737
1943,72,63,208.915688067675
1944,72,64,179.762457251549
1945,72,65,110.619163826108
1946,72,66,12.7534020096064
1947,72,67,64.4156644046307
1948,72,68,341.184072881937
1949,72,69,92.9596344977617
1950,72,70,1161.16978414357
1951,72,71,825.937159150839
1952,73,7,0.749009639024734
1953,73,10,0.612774133682251
1954,73,14,1.25929275155067
1955,73,16,0.723506689071655
1956,73,17,9.42895567417145
1957,73,18,1.20558989048004
1958,73,19,6.5355980694294
1959,73,28,1.27235898375511
1960,73,29,1.44260096549988
1961,73,30,0.447781562805176
1962,73,31,1.44158256053925
1963,73,33,1.59264194965363
1964,73,34,3.86106899380684
1965,73,41,0.733276546001434
1966,73,42,1.03920686244965
1967,73,45,0.996750265359879
1968,73,46,5.98720309138298
1969,73,47,3.49501922726631
1970,73,48,1.84057162702084
1971,73,49,2.85669872164726
1972,73,50,1.94985401630402
1973,73,51,2.00229626893997
1974,73,55,6.62922188639641
1975,73,56,11.7933560609818
1976,73,57,237.508530408144
1977,73,58,36.0970802605152
1978,73,59,10.2327280342579
1979,73,60,12.3878982663155
1980,73,61,1.03491717576981
1981,73,62,3.55711835622787
1982,73,63,1.83730250597
1983,73,65,0.245596945285797
1984,73,66,0.38271376490593
1985,73,67,0.542425930500031
1986,73,68,1.63695502281189
1987,73,69,0.893538326025009
1988,73,70,7.60580484569073
1989,73,71,2.11926731467247
1990,73,72,878.874664336443
1991,74,0,0.377467721700668
1992,74,5,1.40800702571869
1993,74,6,4.533328384161
1994,74,7,21.0906498134136
1995,74,8,3.37926280498505
1996,74,9,2.16480267047882
1997,74,10,5.5156002342701
1998,74,11,1.57444274425507
1999,74,12,4.34511339664459
2000,74,13,0.96736866235733
2001,74,14,6.18892994523048
2002,74,15,2.16949981451035
2003,74,16,4.72742721438408
2004,74,17,31.5229650139809
2005,74,18,19.6298717260361
2006,74,19,20.2672097980976
2007,74,21,0.739328742027283
2008,74,22,0.385649383068085
2009,74,23,4.41073840856552
2010,74,28,1.48303946852684
2011,74,29,2.90887463092804
2012,74,30,1.6590958237648
2013,74,31,3.85060060024261
2014,74,34,6.02225250005722
2015,74,35,1.63464531302452
2016,74,36,0.840477555990219
2017,74,39,1.43224745988846
2018,74,41,1310.89890304208
2019,74,42,151.224246621132
2020,74,43,4.18268966674805
2021,74,44,57.4547814130783
2022,74,45,976.799847334623
2023,74,46,1046.05997976661
2024,74,47,125.108525037766
2025,74,48,307.098144948483
2026,74,49,68.8477638363838
2027,74,50,817.83485648036
2028,74,51,9.3269402384758
2029,74,52,4.14027035236359
2030,74,53,0.792084574699402
2031,74,54,4.62316700816154
2032,74,55,29.9086745679379
2033,74,56,1047.55237779021
2034,74,57,1240.87497672439
2035,74,58,159.151048183441
2036,74,59,157.874756410718
2037,74,60,68.2480193674564
2038,74,61,5.18333712220192
2039,74,62,71.7655913382769
2040,74,63,65.7430209815502
2041,74,64,54.2126362621784
2042,74,65,16.0164203345776
2043,74,66,1.15373820066452
2044,74,67,44.8225604891777
2045,74,68,349.363997906446
2046,74,69,8.44431498646736
2047,74,70,59.2392357885838
2048,74,71,15.26143014431
2049,74,72,1191.72259965539
2050,74,73,198.968968331814
2051,75,0,2.04420620203018
2052,75,1,0.793109655380249
2053,75,3,2.16308212280273
2054,75,4,15.2741965055466
2055,75,5,30.0123752057552
2056,75,6,73.1240422129631
2057,75,7,286.80533850193
2058,75,8,53.5344503223896
2059,75,9,304.598918348551
2060,75,10,186.542954623699
2061,75,11,50.4005723893642
2062,75,12,56.9314250051975
2063,75,13,14.2254102230072
2064,75,14,67.9570029377937
2065,75,15,127.487955093384
2066,75,16,102.818013072014
2067,75,17,292.395751908422
2068,75,18,314.434401094913
2069,75,19,202.844282627106
2070,75,20,21.1116483509541
2071,75,21,49.9519514739513
2072,75,22,33.5690940618515
2073,75,23,65.5840442478657
2074,75,24,19.9183930754662
2075,75,25,16.5309685468674
2076,75,26,4.6908492743969
2077,75,28,24.8079909384251
2078,75,29,25.0578905642033
2079,75,30,27.827622205019
2080,75,31,63.1277091652155
2081,75,32,1.4183537364006
2082,75,33,3.42205917835236
2083,75,34,500.511916071177
2084,75,35,68.9149384498596
2085,75,36,32.5356007814407
2086,75,37,16.7530714273453
2087,75,38,146.159436643124
2088,75,39,167.526095479727
2089,75,40,6.41666042804718
2090,75,41,49.9878533482552
2091,75,42,77.2019347250462
2092,75,43,7.72180363535881
2093,75,44,4.77645030617714
2094,75,45,429.441264182329
2095,75,46,130.384948045015
2096,75,47,785.966837450862
2097,75,48,2805.63354852796
2098,75,49,244.610142618418
2099,75,50,2354.5019031167
2100,75,51,629.865769714117
2101,75,52,15.7617514431477
2102,75,53,41.8251689076424
2103,75,54,24.2301914691925
2104,75,55,129.336204200983
2105,75,56,1575.00457805395
2106,75,57,700.841364920139
2107,75,58,827.65798895061
2108,75,59,398.62339758873
2109,75,60,318.101465493441
2110,75,61,23.9373980760574
2111,75,62,151.477783471346
2112,75,63,122.371625185013
2113,75,64,165.65931263566
2114,75,65,127.937298834324
2115,75,66,29.1831283867359
2116,75,67,16.1101384162903
2117,75,68,40.3175737857819
2118,75,69,121.66729581356
2119,75,70,131.707938343287
2120,75,71,15.0617611408234
2121,75,72,296.284637153149
2122,75,73,20.6051439940929
2123,75,74,56.3104538321495
2124,76,0,9.72210854291916
2125,76,1,9.2316706776619
2126,76,2,8.20629698038101
2127,76,3,224.7819416821
2128,76,4,28.9018504023552
2129,76,5,28.6272863447666
2130,76,6,361.470587849617
2131,76,7,483.087761431932
2132,76,8,54.3505716919899
2133,76,9,83.0609185099602
2134,76,10,73.5859633684158
2135,76,11,186.376396387815
2136,76,12,69.8918373584747
2137,76,13,5.71098077297211
2138,76,14,5.8053395152092
2139,76,15,41.7006025910378
2140,76,16,21.1817162036896
2141,76,17,27.6720947623253
2142,76,18,17.8808226883411
2143,76,19,16.9506946206093
2144,76,20,0.691611647605896
2145,76,21,0.714412271976471
2146,76,27,1.09350287914276
2147,76,28,2.29307082295418
2148,76,29,4.08118885755539
2149,76,30,5.75701248645782
2150,76,31,6.02522867918015
2151,76,33,1.92381536960602
2152,76,34,75.3453100919724
2153,76,35,214.360722213984
2154,76,36,31.0751964747906
2155,76,37,5.84445506334305
2156,76,38,153.535445153713
2157,76,39,2.24314016103745
2158,76,40,2.25478553771973
2159,76,41,189.677139908075
2160,76,42,182.787124991417
2161,76,43,68.0493613481522
2162,76,44,238.539761215448
2163,76,45,588.466478675604
2164,76,46,713.673311650753
2165,76,47,2345.18674618006
2166,76,48,2168.12607225776
2167,76,49,1025.99259886146
2168,76,50,2244.66974401474
2169,76,51,322.713554501534
2170,76,52,124.361411839724
2171,76,53,55.5976693630219
2172,76,54,28.0465295910835
2173,76,55,17.7996895313263
2174,76,56,708.254361927509
2175,76,57,423.552062392235
2176,76,58,210.984973311424
2177,76,59,54.4188750386238
2178,76,60,95.4387921541929
2179,76,61,1.19633120298386
2180,76,62,9.63706475496292
2181,76,63,13.4263116717339
2182,76,64,7.74928995966911
2183,76,65,10.5274098515511
2184,76,66,1.09388026595116
2185,76,67,7.32761588692665
2186,76,68,14.876433134079
2187,76,69,10.9383926093578
2188,76,70,23.0915778875351
2189,76,71,13.2785751521587
2190,76,72,104.895870774984
2191,76,73,14.7205002009869
2192,76,74,60.299946397543
2193,76,75,1925.07590740919
2194,77,0,1.14878058433533
2195,77,1,1.40117156505585
2196,77,2,0.483131915330887
2197,77,3,5.73335126042366
2198,77,4,6.21144264936447
2199,77,5,4.03252321481705
2200,77,6,34.0699233412743
2201,77,7,110.28015679121
2202,77,8,14.5349391996861
2203,77,9,15.7728595137596
2204,77,10,22.0376815795898
2205,77,11,43.349919706583
2206,77,12,35.724653840065
2207,77,13,3.20259776711464
2208,77,14,9.40715917944908
2209,77,15,11.7644636332989
2210,77,16,7.77710121870041
2211,77,17,33.8470015823841
2212,77,18,32.294532597065
2213,77,19,29.372277751565
2214,77,21,1.72584861516953
2215,77,22,0.412501633167267
2216,77,23,3.71782159805298
2217,77,24,1.99497258663177
2218,77,27,0.810466527938843
2219,77,28,2.93465739488602
2220,77,29,6.88281837105751
2221,77,30,3.35544881224632
2222,77,31,8.91834270954132
2223,77,34,18.6835596263409
2224,77,35,11.7931447029114
2225,77,36,11.1797399818897
2226,77,37,8.93685486912727
2227,77,38,0.84947881102562
2228,77,39,4.88160827755928
2229,77,40,2.90928322076797
2230,77,41,415.966132879257
2231,77,42,306.773655116558
2232,77,43,33.7694945931435
2233,77,44,82.4223445057869
2234,77,45,831.277541965246
2235,77,46,250.975611656904
2236,77,47,708.88181103766
2237,77,48,1715.20538657904
2238,77,49,204.592084378004
2239,77,50,1286.25257429481
2240,77,51,85.2243286669254
2241,77,52,29.2555397748947
2242,77,53,30.0077788233757
2243,77,54,16.0479391813278
2244,77,55,42.6867283284664
2245,77,56,1444.87119349837
2246,77,57,862.187114715576
2247,77,58,323.23393458128
2248,77,59,243.789837047458
2249,77,60,117.484866529703
2250,77,61,5.03703761100769
2251,77,62,62.4324594885111
2252,77,63,54.1782690733671
2253,77,64,85.0063902288675
2254,77,65,60.9874964356422
2255,77,66,3.75133123993874
2256,77,67,6.08325237035751
2257,77,68,86.9148681163788
2258,77,69,46.0007991790771
2259,77,70,121.298209533095
2260,77,71,25.6297503560781
2261,77,72,428.66877810657
2262,77,73,28.0215604305267
2263,77,74,556.030623227358
2264,77,75,484.86486518383
2265,77,76,731.790167510509
2266,78,0,1.78894984722137
2267,78,4,1.7776306271553
2268,78,6,6.07757690548897
2269,78,7,27.6784057021141
2270,78,8,2.43259799480438
2271,78,9,9.8721749484539
2272,78,10,12.6021031141281
2273,78,11,7.29487872123718
2274,78,12,8.67814707756042
2275,78,14,3.32538971304893
2276,78,15,0.395935237407684
2277,78,16,1.06041812896729
2278,78,17,5.6801438331604
2279,78,18,5.41444671154022
2280,78,19,1.49771332740784
2281,78,23,2.72431498765945
2282,78,24,0.68596351146698
2283,78,28,0.536048412322998
2284,78,30,0.441827028989792
2285,78,31,0.467524170875549
2286,78,34,12.2372236251831
2287,78,35,5.66173449158669
2288,78,36,4.05956354737282
2289,78,37,1.81012347340584
2290,78,41,9.37749406695366
2291,78,42,25.6798058450222
2292,78,43,0.342745751142502
2293,78,44,1.55162167549133
2294,78,45,74.5543757081032
2295,78,46,25.9409351944923
2296,78,47,71.9310682713985
2297,78,48,460.086384564638
2298,78,49,51.0559625923634
2299,78,50,740.659211099148
2300,78,51,47.0842288732529
2301,78,52,1.99250197410583
2302,78,53,1.58325329422951
2303,78,54,1.33846914768219
2304,78,55,10.7325173914433
2305,78,56,517.42074623704
2306,78,57,138.497343212366
2307,78,58,76.2531043291092
2308,78,59,45.149891525507
2309,78,60,26.7667117714882
2310,78,62,2.72274401783943
2311,78,63,3.29234248399734
2312,78,64,2.70082220435143
2313,78,65,6.65020966529846
2314,78,67,0.656400442123413
2315,78,68,0.730535328388214
2316,78,69,5.98865902423859
2317,78,70,9.00522157549858
2318,78,71,5.78655841946602
2319,78,72,55.1376911699772
2320,78,73,2.07494133710861
2321,78,74,17.418067753315
2322,78,75,168.334698826075
2323,78,76,284.008274435997
2324,78,77,1107.03788352013
2325,79,3,24.5869695544243
2326,79,6,2.54065454006195
2327,79,7,2.18526268005371
2328,79,11,10.8983401656151
2329,79,12,2.35743021965027
2330,79,13,1.85677111148834
2331,79,14,0.306785196065903
2332,79,16,2.04678511619568
2333,79,17,1.09917598962784
2334,79,18,4.76209807395935
2335,79,19,2.50859162211418
2336,79,23,0.941597819328308
2337,79,26,1.86805611848831
2338,79,27,1.23371493816376
2339,79,28,4.80312520265579
2340,79,29,0.999394416809082
2341,79,34,31.8708614110947
2342,79,35,11.7886521816254
2343,79,36,30.2787463665009
2344,79,37,6.88150781393051
2345,79,38,87.5734902024269
2346,79,39,5.17493623495102
2347,79,40,1.12834143638611
2348,79,41,47.5871768295765
2349,79,42,0.63940417766571
2350,79,43,7.7361752986908
2351,79,44,299.027597814798
2352,79,45,1.11834731698036
2353,79,46,0.324673116207123
2354,79,47,12.2128195762634
2355,79,48,33.9081363976002
2356,79,49,0.645764410495758
2357,79,51,1.01137128472328
2358,79,52,526.974224686623
2359,79,53,138.677279353142
2360,79,54,37.5931624770164
2361,79,55,27.7007043659687
2362,79,56,1.50867605209351
2363,79,57,1.30603677034378
2364,79,58,4.7508107572794
2365,79,59,3.91322177648544
2366,79,60,32.7350080013275
2367,79,61,0.877484172582626
2368,79,62,6.39864009618759
2369,79,63,2.24434319138527
2370,79,64,18.0924618840218
2371,79,65,30.2107137441635
2372,79,66,1.21311131119728
2373,79,67,6.20054641366005
2374,79,68,56.2489775419235
2375,79,69,12.9667201936245
2376,79,70,12.1439445018768
2377,79,71,0.276050597429276
2378,79,72,38.9361452758312
2379,79,74,16.4438845515251
2380,79,75,497.683312833309
2381,79,76,80.1002256274223
2382,79,77,501.164547681808
2383,79,78,23.2667329907417
2384,80,6,1.91089022159576
2385,80,7,8.21209654211998
2386,80,8,1.31484025716782
2387,80,9,1.11961305141449
2388,80,10,6.00029093027115
2389,80,11,1.42933005094528
2390,80,12,3.23229196667671
2391,80,14,56.368137717247
2392,80,15,2.10462081432343
2393,80,16,10.8737106025219
2394,80,17,166.196883410215
2395,80,18,118.846664577723
2396,80,19,210.096014916897
2397,80,20,24.7439321279526
2398,80,21,39.2953581809998
2399,80,22,37.1175113022327
2400,80,23,97.8569579124451
2401,80,24,17.798654705286
2402,80,25,19.114581733942
2403,80,26,1.35793036222458
2404,80,28,11.696892619133
2405,80,29,17.5042732059956
2406,80,30,6.12054541707039
2407,80,31,12.5948750525713
2408,80,33,0.835012078285217
2409,80,34,48.9851708114147
2410,80,35,0.882906913757324
2411,80,36,5.13280999660492
2412,80,37,3.31712195277214
2413,80,38,3.26274919509888
2414,80,39,131.555270135403
2415,80,40,0.692483901977539
2416,80,41,35.5238605290651
2417,80,42,12.4930404722691
2418,80,43,1.67952972650528
2419,80,44,6.42092257738113
2420,80,45,22.0633678138256
2421,80,46,14.8986540138721
2422,80,47,23.4035361111164
2423,80,48,240.306622713804
2424,80,49,16.6935851573944
2425,80,50,201.951896905899
2426,80,51,40.1557758450508
2427,80,52,2.0849968791008
2428,80,53,18.4946750104427
2429,80,54,17.6918761730194
2430,80,55,454.03231985867
2431,80,56,185.230421960354
2432,80,57,194.870915293694
2433,80,58,390.548695027828
2434,80,59,269.56207036972
2435,80,60,374.900047332048
2436,80,61,44.8404966890812
2437,80,62,137.926045760512
2438,80,63,130.412226706743
2439,80,64,547.889514788985
2440,80,65,758.896437168121
2441,80,66,1011.31093192101
2442,80,67,687.526984810829
2443,80,68,67.0689673125744
2444,80,69,318.382601559162
2445,80,70,159.632132470608
2446,80,71,5.834577023983
2447,80,72,154.626563772559
2448,80,73,4.34343007206917
2449,80,74,29.1160545349121
2450,80,75,2115.81099158525
2451,80,76,76.9397324919701
2452,80,77,190.847106844187
2453,80,78,250.351091921329
2454,80,79,15.3231261372566
2455,81,7,5.89715737104416
2456,81,8,0.607469618320465
2457,81,9,0.96795192360878
2458,81,11,1.44351506233215
2459,81,12,3.29915606975555
2460,81,14,0.371005535125732
2461,81,15,0.731208473443985
2462,81,16,0.882436603307724
2463,81,17,7.50867748260498
2464,81,18,11.1212713867426
2465,81,19,4.43512639403343
2466,81,20,0.301186829805374
2467,81,21,0.485094875097275
2468,81,22,0.461838781833649
2469,81,23,2.00852334499359
2470,81,24,2.58488300442696
2471,81,25,0.452381104230881
2472,81,27,0.443100720643997
2473,81,28,1.61495897173882
2474,81,29,3.55115810036659
2475,81,30,0.535249531269073
2476,81,31,0.484110802412033
2477,81,33,0.552703201770782
2478,81,34,8.38760071992874
2479,81,35,1.66837745904922
2480,81,36,12.5030460357666
2481,81,37,20.7873402237892
2482,81,38,5.19391626119614
2483,81,39,6.2564195394516
2484,81,40,3.14496329426765
2485,81,41,105.669786840677
2486,81,42,6.2917053103447
2487,81,43,4.48685377836227
2488,81,44,124.388131827116
2489,81,45,4.00299745798111
2490,81,46,3.464669495821
2491,81,47,17.3692170679569
2492,81,48,50.9707408249378
2493,81,49,2.78428584337234
2494,81,50,44.9893868565559
2495,81,51,0.877435058355331
2496,81,52,22.2553864121437
2497,81,53,2.93425467610359
2498,81,54,2.8844595849514
2499,81,55,12.0663524866104
2500,81,56,9.68561539053917
2501,81,57,19.8760926127434
2502,81,58,34.4531756341457
2503,81,59,37.8445788323879
2504,81,60,19.1362434327602
2505,81,61,3.6925236582756
2506,81,62,22.757989615202
2507,81,63,20.8320885896683
2508,81,64,32.2464649677277
2509,81,65,154.436707228422
2510,81,66,12.2909182310104
2511,81,67,543.504739612341
2512,81,68,328.705634772778
2513,81,69,24.1902097165585
2514,81,70,22.8267207741737
2515,81,71,0.905427217483521
2516,81,72,283.077645599842
2517,81,73,1.19531971216202
2518,81,74,156.537531226873
2519,81,75,278.267629176378
2520,81,76,50.6117640733719
2521,81,77,171.607134133577
2522,81,78,116.45605635643
2523,81,79,488.062703222036
2524,81,80,880.854109913111
2525,82,0,34.8670202493668
2526,82,1,37.8299689590931
2527,82,3,3.13989245891571
2528,82,4,124.812130436301
2529,82,5,39.5454002320766
2530,82,6,183.890185624361
2531,82,7,919.448191285133
2532,82,8,82.0453532636166
2533,82,9,1315.53774872422
2534,82,10,345.24624979496
2535,82,11,6.37933132052422
2536,82,12,26.7020075619221
2537,82,13,12.9495187997818
2538,82,14,66.412920743227
2539,82,15,1147.36913049221
2540,82,16,297.818699121475
2541,82,17,721.864361286163
2542,82,18,308.976843088865
2543,82,19,186.912414044142
2544,82,20,18.8971083760262
2545,82,21,27.4391157031059
2546,82,22,71.2536910176277
2547,82,23,139.531324118376
2548,82,24,83.3877866864204
2549,82,25,36.8022141456604
2550,82,26,2.51653003692627
2551,82,27,4.99164569377899
2552,82,28,59.2042598724365
2553,82,29,85.58499827981
2554,82,30,34.9393173456192
2555,82,31,104.709304511547
2556,82,32,6.54979825019836
2557,82,33,8.3235365152359
2558,82,34,2273.87680405378
2559,82,35,736.890964120626
2560,82,36,548.051895141602
2561,82,37,293.133750528097
2562,82,38,39.4190934598446
2563,82,39,535.929759889841
2564,82,40,166.557016372681
2565,82,41,7.6727406680584
2566,82,42,38.1031957566738
2567,82,44,0.864905893802643
2568,82,45,93.6050063669682
2569,82,46,65.2382144331932
2570,82,47,135.894973009825
2571,82,48,1021.52293133736
2572,82,49,125.315472513437
2573,82,50,1605.27329203486
2574,82,51,300.52624759078
2575,82,52,6.86777564883232
2576,82,53,5.79437458515167
2577,82,54,10.1188794672489
2578,82,55,60.0077857971191
2579,82,56,1235.69378581643
2580,82,57,538.148180514574
2581,82,58,468.379018232226
2582,82,59,209.27613016963
2583,82,60,170.335574805737
2584,82,61,12.1542667746544
2585,82,62,62.4489454329014
2586,82,63,48.6050721406937
2587,82,64,222.174361854792
2588,82,65,123.360070168972
2589,82,66,462.620167195797
2590,82,67,14.4783317744732
2591,82,68,18.0621843338013
2592,82,69,40.7032779157162
2593,82,70,46.978151768446
2594,82,71,9.73326295614243
2595,82,72,184.753994584084
2596,82,73,4.22943046689034
2597,82,74,38.7304095625877
2598,82,75,1869.89285305142
2599,82,76,594.657128512859
2600,82,77,821.570304751396
2601,82,78,490.669535964727
2602,82,79,16.9218701422215
2603,82,80,575.033594191074
2604,82,81,227.600902438164
